ustat,alph1,alph2,beta,chi,diff,chi_label
8.408212557825,2.344510522581,2.344510522581,60.0,1.094479467866,0.0,0
7.006843798188,2.344510522581,2.344510522581,60.0,0.840346718831,0.0,0
10.83399051342,2.276778670827,2.276778670827,60.0,1.168432142484,0.0,0
8.667192410736,2.276778670827,2.276778670827,60.0,0.882475408379,0.0,0
7.22266034228,2.276778670827,2.276778670827,60.0,0.837454176079,0.0,0
5.41699525671,2.276778670827,2.276778670827,60.0,0.834247796673,0.0,0
12.597931067132,1.45930048352,1.45930048352,60.0,1.956337114348,0.0,0
10.498275889277,1.45930048352,1.45930048352,60.0,1.461949250709,0.0,0
7.873706916957,1.45930048352,1.45930048352,60.0,1.242384181928,0.0,0
7.438476886372,3.312698136839,3.312698136839,60.0,1.216175989594,0.0,0
5.950781509098,3.312698136839,3.312698136839,60.0,0.96994951649,0.0,0
7.165109263855,3.003492049746,3.003492049746,19.0,1.502775264851,0.0,0
5.732087411084,3.003492049746,3.003492049746,19.0,1.276179000887,0.0,0
10.057050954688,2.139826953897,2.139826953897,13.6,0.654493105123,0.0,0
8.045640763751,2.139826953897,2.139826953897,13.6,0.607469963509,0.0,0
6.704700636459,2.139826953897,2.139826953897,13.6,0.570303957449,0.0,0
8.74776392053,1.813854053755,1.572587606386,45.8,1.86879386083,0.24126644736900005,0
7.289803267108,1.813854053755,1.572587606386,45.8,1.575378459082,0.24126644736900005,0
5.467352450331,1.813854053755,1.572587606386,45.8,1.323485990472,0.24126644736900005,0
8.656641379691,2.438502163637,2.076895515437,46.7,1.117834102284,0.3616066482,0
6.492481034768,2.438502163637,2.076895515437,46.7,0.643395311173,0.3616066482,0
8.344906371558,2.313433846085,1.997291604705,55.8,0.950277744769,0.31614224138000013,0
6.675925097247,2.313433846085,1.997291604705,55.8,0.953057913264,0.31614224138000013,0
5.563270914372,2.313433846085,1.997291604705,55.8,0.924411649639,0.31614224138000013,0
9.970724337052,2.471377975102,2.471377975102,54.7,1.537316688165,0.0,0
7.976579469641,2.471377975102,2.471377975102,54.7,0.858183518743,0.0,0
6.647149558034,2.471377975102,2.471377975102,54.7,0.689585432086,0.0,0
7.891691628965,3.122452026883,3.122452026883,65.9,1.168610381399,0.0,0
6.313353303172,3.122452026883,3.122452026883,65.9,0.860127181754,0.0,0
5.261127752643,3.122452026883,3.122452026883,65.9,0.765548531165,0.0,0
9.704550599338,2.541755877142,2.541755877142,45.0,0.703963703635,0.0,0
7.763640479471,2.541755877142,2.541755877142,45.0,0.676579264169,0.0,0
6.469700399559,2.541755877142,2.541755877142,45.0,0.712758365614,0.0,0
6.175230714953,1.790161995138,1.790161995138,89.0,1.591523720263,0.0,0
9.414397245614,2.226188060316,1.893686786755,46.7,1.476824612798,0.3325012735609998,0
7.060797934211,2.226188060316,1.893686786755,46.7,1.270237724666,0.3325012735609998,0
10.434010518369,2.576339974044,2.216328942605,46.7,0.435178535637,0.36001103143899993,0
8.695008765308,2.576339974044,2.216328942605,46.7,0.303741458541,0.36001103143899993,0
6.521256573981,2.576339974044,2.216328942605,46.7,0.264251958433,0.36001103143899993,0
10.255602175253,2.469975536119,2.103701686512,46.7,1.949677331582,0.36627384960699993,0
8.546335146044,2.469975536119,2.103701686512,46.7,1.069588787937,0.36627384960699993,0
6.409751359533,2.469975536119,2.103701686512,46.7,0.638315196379,0.36627384960699993,0
6.503271861973,2.668612711829,2.307606074661,46.7,1.363168607806,0.3610066371680003,0
10.726082241374,1.799854635452,1.553895547591,45.8,0.723655658389,0.24595908786100007,0
8.580865793099,1.799854635452,1.553895547591,45.8,0.781120150108,0.24595908786100007,0
7.150721494249,1.799854635452,1.553895547591,45.8,0.815728337302,0.24595908786100007,0
5.363041120687,1.799854635452,1.553895547591,45.8,0.867852497626,0.24595908786100007,0
9.8484282954,1.96025073883,1.692372725682,36.4,0.243723224881,0.26787801314799986,0
7.87874263632,1.96025073883,1.692372725682,36.4,0.300508407422,0.26787801314799986,0
6.5656188636,1.96025073883,1.692372725682,36.4,0.348199660291,0.26787801314799986,0
8.344906371558,2.313433846085,1.997291604705,55.8,0.950277744769,0.31614224138000013,0
6.675925097247,2.313433846085,1.997291604705,55.8,0.953057913264,0.31614224138000013,0
5.563270914372,2.313433846085,1.997291604705,55.8,0.924411649639,0.31614224138000013,0
7.603936236842,2.538867797028,2.191918885013,46.6,1.015480980528,0.3469489120149998,0
6.083148989474,2.538867797028,2.191918885013,46.6,0.983742377757,0.3469489120149998,0
6.222710354653,3.10240839475,2.678448857177,47.3,1.069338173268,0.42395953757299987,0
11.244041947195,2.46237060212,11.311378919459,11.6,0.339292266171,8.849008317339,0
8.995233557756,2.46237060212,11.311378919459,11.6,0.355447936394,8.849008317339,0
7.496027964796,2.46237060212,11.311378919459,11.6,0.352628629281,8.849008317339,0
5.622020973597,2.46237060212,11.311378919459,11.6,0.328775195034,8.849008317339,0
7.873706916957,1.45930048352,1.45930048352,60.0,1.785927261521,0.0,0
5.41699525671,2.276778670827,2.276778670827,60.0,1.877057542514,0.0,0
7.485237137592,1.535035443741,1.535035443741,54.7,1.645439578899,0.0,0
7.485237137592,1.535035443741,1.535035443741,54.7,1.558837495799,0.0,0
7.085976531022,2.228934005606,1.897614208651,46.7,1.734491448339,0.3313197969549999,0
6.751460887679,2.339371332468,1.991635583934,37.6,1.455529919894,0.347735748534,0
7.155517417451,2.943029484614,2.505562996678,57.0,1.541375821026,0.4374664879360002,0
5.366638063088,2.943029484614,2.505562996678,57.0,0.972302412459,0.4374664879360002,0
6.738272098873,3.12526689754,2.660711737397,48.2,1.794947612408,0.464555160143,0
6.175230714953,1.790161995138,1.790161995138,89.0,1.842816939252,0.0,0
7.040415260602,2.035408226685,2.035408226685,13.6,1.937181001535,0.0,0
10.057050954688,2.139826953897,2.139826953897,13.6,1.38170766637,0.0,0
8.045640763751,2.139826953897,2.139826953897,13.6,1.214939927019,0.0,0
6.704700636459,2.139826953897,2.139826953897,13.6,1.09673837971,0.0,0
7.165109263855,3.003492049746,3.003492049746,19.0,1.912623064355,0.0,0
5.732087411084,3.003492049746,3.003492049746,19.0,1.519260715342,0.0,0
7.428885039968,2.936375859175,0.708486898555,20.0,1.709110079147,2.22788896062,0
5.571663779976,2.936375859175,0.708486898555,20.0,1.143343600852,2.22788896062,0
6.906129410945,1.566148333333,6.236981666667,46.6,1.770208160006,4.670833333334,0
5.755107842454,1.566148333333,6.236981666667,46.6,1.210740649856,4.670833333334,0
6.019842803207,2.856576746438,2.856576746438,19.0,2.303103365133,0.0,0
8.586620900941,2.943029484614,2.505562996678,57.0,2.573331474725,0.4374664879360002,0
10.934704900663,1.813854053755,1.572587606386,45.8,2.390072573769,0.24126644736900005,0
6.14357762182,1.499487760174,1.499487760174,89.3,2.134903010413,0.0,0
10.38796965563,2.438502163637,2.076895515437,46.7,2.295982384885,0.3616066482,0
6.14357762182,1.499487760174,1.499487760174,89.3,2.022539694076,0.0,0
7.719038393692,1.790161995138,1.790161995138,89.0,2.820057800659,0.0,0
11.297276694737,2.226188060316,1.893686786755,46.7,2.062612407649,0.3325012735609998,0
6.738272098873,3.12526689754,2.660711737397,48.2,2.284478779429,0.464555160143,0
8.671029149297,2.668612711829,2.307606074661,46.7,2.316454057303,0.3610066371680003,0
7.22266034228,2.276778670827,2.276778670827,60.0,2.428617110628,0.0,0
8.570314762055,1.787581845789,1.787581845789,70.5,2.645636896934,0.0,0
6.427736071541,1.787581845789,1.787581845789,70.5,2.218369732967,0.0,0
9.001947850239,2.339371332468,1.991635583934,37.6,2.133228043168,0.347735748534,0
8.085926518648,3.12526689754,2.660711737397,48.2,2.836799418264,0.464555160143,0
8.448498312723,2.035408226685,2.035408226685,13.6,2.436916901565,0.0,0
6.6395,2.01417,2.12818,17.0,2.783933518005,0.11400999999999994,0
5.3116,2.01417,2.12818,17.0,1.808318264014,0.11400999999999994,0
10.510265697282,2.344510522581,2.344510522581,60.0,3.280779311469,0.0,1
9.21536643273,1.499487760174,1.499487760174,89.3,10.877742847331,0.0,1
7.372293146184,1.499487760174,1.499487760174,89.3,3.841367965557,0.0,1
9.21536643273,1.499487760174,1.499487760174,89.3,7.251828564888,0.0,1
7.372293146184,1.499487760174,1.499487760174,89.3,3.414549302717,0.0,1
10.10740814831,3.12526689754,2.660711737397,48.2,4.558770882378,0.464555160143,1
8.085926518648,3.12526689754,2.660711737397,48.2,3.404159301917,0.464555160143,1
10.405234979157,2.668612711829,2.307606074661,46.7,3.33290009371,0.3610066371680003,1
12.597931067132,1.45930048352,1.45930048352,60.0,5.869011343043,0.0,1
10.498275889277,1.45930048352,1.45930048352,60.0,3.508678201702,0.0,1
10.83399051342,2.276778670827,2.276778670827,60.0,13.353510199812,0.0,1
8.667192410736,2.276778670827,2.276778670827,60.0,4.191758189799,0.0,1
11.976379420147,1.535035443741,1.535035443741,54.7,6.166071676743,0.0,1
9.980316183456,1.535035443741,1.535035443741,54.7,3.055007364405,0.0,1
10.284377714465,1.787581845789,1.787581845789,70.5,4.837158691721,0.0,1
11.976379420147,1.535035443741,1.535035443741,54.7,6.166071676743,0.0,1
9.980316183456,1.535035443741,1.535035443741,54.7,3.055007364405,0.0,1
11.337562449635,2.228934005606,1.897614208651,46.7,10.181507175828,0.3313197969549999,1
9.447968708029,2.228934005606,1.897614208651,46.7,3.216230844324,0.3313197969549999,1
10.802337420286,2.339371332468,1.991635583934,37.6,3.630210499249,0.347735748534,1
10.733276126177,2.943029484614,2.505562996678,57.0,10.148221236336,0.4374664879360002,1
10.10740814831,3.12526689754,2.660711737397,48.2,9.117541764755,0.464555160143,1
7.719038393692,1.790161995138,1.790161995138,89.0,3.625788600847,0.0,1
10.560622890903,2.035408226685,2.035408226685,13.6,3.873980624342,0.0,1
5.280311445452,2.035408226685,2.035408226685,13.6,3.646026590457,0.0,1
7.524803504009,2.856576746438,2.856576746438,19.0,3.242146240757,0.0,1
7.021231567794,3.509591530055,3.378443989071,46.8,8.411300985907,0.13114754098399972,1
5.265923675845,3.509591530055,3.378443989071,46.8,4.152371419169,0.13114754098399972,1
8.632661763681,1.566148333333,6.236981666667,46.6,4.508678722345,4.670833333334,1
8.8527,2.01417,2.12818,17.0,6.764705882353,0.11400999999999994,1
